{"cameraMode":{"drawMode":0,"name":"Shaded","section":"Shading Mode"},"sceneLighting":true,"audioPlay":false,"sceneViewState":{"m_AlwaysRefresh":false,"showFog":true,"showSkybox":true,"showFlares":true,"showImageEffects":true,"showParticleSystems":true,"showVisualEffectGraphs":true,"m_FxEnabled":true},"in2DMode":false,"pivot":{"x":12.242557525634766,"y":1.54268217086792,"z":36.96050262451172},"rotation":{"x":-0.07522910088300705,"y":-0.015857361257076265,"z":0.0011964008444920183,"w":-0.9970433712005615},"size":24.712099075317384,"orthographic":false}